<?xml version="1.0" encoding="utf-8"?>
<Preload>
<Actor id="SYSTEM_ActorConfig"/>
<Terrain id="Char"/>
<Unit id="CommandCenter"/>
<Unit id="SupplyDepot"/>
<Unit id="Refinery"/>
<Unit id="Barracks"/>
<Unit id="EngineeringBay"/>
<Unit id="MissileTurret"/>
<Unit id="Bunker"/>
<Unit id="RefineryRich"/>
<Unit id="SensorTower"/>
<Unit id="GhostAcademy"/>
<Unit id="Factory"/>
<Unit id="Starport"/>
<Unit id="Armory"/>
<Unit id="FusionCore"/>
<Unit id="SiegeTankSieged"/>
<Unit id="SiegeTank"/>
<Unit id="VikingAssault"/>
<Unit id="VikingFighter"/>
<Unit id="BarracksTechLab"/>
<Unit id="BarracksReactor"/>
<Unit id="SCV"/>
<Unit id="BarracksFlying"/>
<Unit id="SupplyDepotLowered"/>
<Unit id="Marine"/>
<Unit id="Reaper"/>
<Unit id="Ghost"/>
<Unit id="Marauder"/>
<Unit id="Thor"/>
<Unit id="Hellion"/>
<Unit id="Medivac"/>
<Unit id="Banshee"/>
<Unit id="Raven"/>
<Unit id="Battlecruiser"/>
<Unit id="HighTemplar"/>
<Unit id="Drone"/>
<Unit id="Zergling"/>
<Unit id="Overlord"/>
<Unit id="Roach"/>
<Unit id="Infestor"/>
<Unit id="Overseer"/>
<Unit id="PlanetaryFortress"/>
<Unit id="OrbitalCommand"/>
<Unit id="RichMineralField" Variations="0,9"/>
<Unit id="RichMineralField750" Variations="0,5"/>
<Unit id="RichVespeneGeyser"/>
<Unit id="MineralField" Variations="3,5"/>
<Unit id="MineralField450" Variations="4,6"/>
<Unit id="MineralFieldOpaque" Variations="2,7"/>
<Unit id="SpacePlatformGeyser"/>
<Unit id="AP_Thor"/>
<Unit id="AP_ThorAP"/>
<Unit id="AP_SiegeTankSieged"/>
<Unit id="AP_SiegeTank"/>
<Unit id="AP_VikingAssault"/>
<Unit id="AP_VikingFighter"/>
<Unit id="AP_Liberator"/>
<Unit id="AP_WidowMine"/>
<Unit id="AP_SiegeBreakerSieged"/>
<Unit id="AP_SiegeBreaker"/>
<Unit id="AP_HelsAngelAssault"/>
<Unit id="AP_HelsAngelFighter"/>
<Unit id="AP_AutomatedRefinery"/>
<Unit id="AP_AutomatedRefineryRich"/>
<Unit id="AP_SupplyDepot"/>
<Unit id="AP_SupplyDepotLowered"/>
<Unit id="AP_BarracksTechLab"/>
<Unit id="AP_BarracksReactor"/>
<Unit id="AP_BarracksTechReactor"/>
<Unit id="AP_Marine"/>
<Unit id="AP_Reaper"/>
<Unit id="AP_Ghost"/>
<Unit id="AP_Marauder"/>
<Unit id="AP_Medic"/>
<Unit id="AP_Firebat"/>
<Unit id="AP_Spectre"/>
<Unit id="AP_Barracks"/>
<Unit id="AP_PerditionTurret"/>
<Unit id="AP_Factory"/>
<Unit id="AP_SCV"/>
<Unit id="AP_CommandCenter"/>
<Unit id="AP_Roach"/>
<Unit id="AP_Hellion"/>
<Unit id="AP_Goliath"/>
<Unit id="AP_Diamondback"/>
<Unit id="AP_Vulture"/>
<Unit id="AP_Predator"/>
<Unit id="AP_Cyclone"/>
<Unit id="AP_Starport"/>
<Unit id="AP_OrbitalCommand"/>
<Unit id="AP_Medivac"/>
<Unit id="AP_Banshee"/>
<Unit id="AP_Raven"/>
<Unit id="AP_Battlecruiser"/>
<Unit id="AP_Hercules"/>
<Unit id="AP_ScienceVessel"/>
<Unit id="AP_Wraith"/>
<Unit id="AP_ValkyrieSCBW"/>
<Unit id="AP_WarPig"/>
<Unit id="AP_DevilDog"/>
<Unit id="AP_SpartanCompany"/>
<Unit id="AP_HammerSecurity"/>
<Unit id="AP_DuskWing"/>
<Unit id="AP_DukesRevenge"/>
<Unit id="AP_PlanetaryFortress"/>
<Unit id="AP_Refinery"/>
<Unit id="AP_EngineeringBay"/>
<Unit id="AP_MissileTurret"/>
<Unit id="AP_Bunker"/>
<Unit id="AP_PsiDisruptor"/>
<Unit id="AP_SensorTower"/>
<Unit id="AP_GhostAcademy"/>
<Unit id="AP_MercCompound"/>
<Unit id="AP_Armory"/>
<Unit id="AP_FusionCore"/>
<Unit id="AP_HiveMindEmulator"/>
<Unit id="AP_RefineryRich"/>
</Preload>
